{
	"ProductCollection": [
	  {
		"Material": "1342984",
		"ArticleDescription": "SAMBA MATCHES 10S",
		"ReqQty": "Full Shelf",
		"SalesUnit": "EA",
		"BaseUnit": "EA",
		"SOH": 0,
		"PresQty": 0,
		"NextDelivery": "",
		"RPType": "No Automated order",
		"Aisle": "N/A",
		"Bay": "",
		"Vendor": "2000974",
		"VendorName": "Sims Distributing Company",
		"Status": "Overdue (OD)",
		"DaysSinceLastSold": 0,
		"Department": "General Merchandise (140)",
		"DepartmentName": "General Merchandise",
		"LastPODate": "24/05/2023",
		"LastPONumber": "4535841048",
		"LastReceiptDate": "25/05/2023",
		"LastSaleDate": "",
		"MaterialGroup": "Firelighters (140040404)",
		"MaterialGroupName": "Firelighters",
		"MinSafetyStock": 0.000,
		"SafetyStock": 0.000,
		"Shelf": "",
		"Slot": "",
		"StockOnShelf": 0,
		"StoreBlock": "Removed from POS",
		"StoreBlockStartDate": "2/07/2023",
		"TaskSource": "ONLINE"
	  },
	  {
		"Material": "1127972",
		"ArticleDescription": "MOTHER EARTH CASHEWS RSTD/LGHT SLTD 150G",
		"ReqQty": "Full Shelf",
		"SalesUnit": "EA",
		"BaseUnit": "EA",
		"SOH": 179,
		"PresQty": 0,
		"NextDelivery": "",
		"RPType": "Automated dynamic order",
		"Aisle": "0503",
		"Bay": "0202",
		"Vendor": "2000146",
		"VendorName": "Prolife Foods Limited",
		"Status": "Overdue (OD)",
		"DaysSinceLastSold": 0,
		"Department": "Grocery (105)",
		"DepartmentName": "Grocery",
		"LastPODate": "2/08/2023",
		"LastPONumber": "4536834543",
		"LastReceiptDate": "4/08/2023",
		"LastSaleDate": "",
		"MaterialGroup": "Cashews - Snackfoods (105310401)",
		"MaterialGroupName": "Cashews - Snackfoods",
		"MinSafetyStock": 12.000,
		"SafetyStock": 0.000,
		"Shelf": "0005",
		"Slot": "0001",
		"StockOnShelf": 0,
		"StoreBlock": "Not Blocked",
		"StoreBlockStartDate": "",
		"TaskSource": "ONLINE"
	  },
	  {
		"Material": "5084004",
		"ArticleDescription": "FARRAH WRAPS GARLIC BUTTER 6PK",
		"ReqQty": "Full Shelf",
		"SalesUnit": "EA",
		"BaseUnit": "EA",
		"SOH": 129,
		"PresQty": 0,
		"NextDelivery": "",
		"RPType": "Automated dynamic order",
		"Aisle": "0503",
		"Bay": "0211",
		"Vendor": "2006322",
		"VendorName": "Farrah Breads Limited",
		"Status": "Overdue (OD)",
		"DaysSinceLastSold": 0,
		"Department": "Grocery (105)",
		"DepartmentName": "Grocery",
		"LastPODate": "18/07/2023",
		"LastPONumber": "4536612878",
		"LastReceiptDate": "20/07/2023",
		"LastSaleDate": "",
		"MaterialGroup": "Wraps (105020401)",
		"MaterialGroupName": "Wraps",
		"MinSafetyStock": 12.000,
		"SafetyStock": 0.000,
		"Shelf": "0002",
		"Slot": "0006",
		"StockOnShelf": 0,
		"StoreBlock": "Not Blocked",
		"StoreBlockStartDate": "",
		"TaskSource": "ONLINE"
	  },
	  {
		"Material": "1122868",
		"ArticleDescription": "INGHAMS CHICKEN NUGGETS 1KG",
		"ReqQty": "Full Shelf",
		"SalesUnit": "EA",
		"BaseUnit": "EA",
		"SOH": 67,
		"PresQty": 0,
		"NextDelivery": "",
		"RPType": "Automated dynamic order",
		"Aisle": "3014",
		"Bay": "0205",
		"Vendor": "",
		"VendorName": "",
		"Status": "Overdue (OD)",
		"DaysSinceLastSold": 0,
		"Department": "Distribution Centre",
		"DepartmentName": "Frozen Foods (130)",
		"LastPODate": "16/08/2023",
		"LastPONumber": "4604720760",
		"LastReceiptDate": "11/08/2023",
		"LastSaleDate": "",
		"MaterialGroup": "Nuggets - Frozen (130060302)",
		"MaterialGroupName": "Nuggets - Frozen",
		"MinSafetyStock": 24.000,
		"SafetyStock": 0.000,
		"Shelf": "",
		"Slot": "",
		"StockOnShelf": 0,
		"StoreBlock": "Not Blocked",
		"StoreBlockStartDate": "",
		"TaskSource": "ONLINE"
	  },
	  {
		"Material": "1122042",
		"ArticleDescription": "BOUTON D OR COW FETA 200G",
		"ReqQty": "Full Shelf",
		"SalesUnit": "EA",
		"BaseUnit": "EA",
		"SOH": 90,
		"PresQty": 0,
		"NextDelivery": "",
		"RPType": "Automated dynamic order",
		"Aisle": "6004",
		"Bay": "0112",
		"Vendor": "",
		"VendorName": "",
		"Status": "Overdue (OD)",
		"DaysSinceLastSold": 0,
		"Department": "Distribution Centre",
		"DepartmentName": "Chilled Foods (135)",
		"LastPODate": "16/08/2023",
		"LastPONumber": "4604720595",
		"LastReceiptDate": "15/08/2023",
		"LastSaleDate": "",
		"MaterialGroup": "Specialty- Feta (135010406)",
		"MaterialGroupName": "Specialty- Feta",
		"MinSafetyStock": 24.000,
		"SafetyStock": 0.000,
		"Shelf": "0005",
		"Slot": "0005",
		"StockOnShelf": 0,
		"StoreBlock": "Not Blocked",
		"StoreBlockStartDate": "",
		"TaskSource": "ONLINE"
	  },
	  {
		"Material": "1038867",
		"ArticleDescription": "PAMS PATE CRACKED PEPPER 125G",
		"ReqQty": "Full Shelf",
		"SalesUnit": "EA",
		"BaseUnit": "EA",
		"SOH": 46,
		"PresQty": 0,
		"NextDelivery": "",
		"RPType": "Automated dynamic order",
		"Aisle": "6004",
		"Bay": "0112",
		"Vendor": "",
		"VendorName": "",
		"Status": "Overdue (OD)",
		"DaysSinceLastSold": 0,
		"Department": "Distribution Centre",
		"DepartmentName": "Chilled Foods (135)",
		"LastPODate": "14/08/2023",
		"LastPONumber": "4604715148",
		"LastReceiptDate": "14/08/2023",
		"LastSaleDate": "",
		"MaterialGroup": "Pate (135030501)",
		"MaterialGroupName": "Pate",
		"MinSafetyStock": 18.000,
		"SafetyStock": 0.000,
		"Shelf": "0005",
		"Slot": "0009",
		"StockOnShelf": 0,
		"StoreBlock": "Not Blocked",
		"StoreBlockStartDate": "",
		"TaskSource": "ONLINE"
	  },
	  {
		"Material": "1168526",
		"ArticleDescription": "BOUTON D OR GOAT FETA 150G",
		"ReqQty": "Full Shelf",
		"SalesUnit": "EA",
		"BaseUnit": "EA",
		"SOH": 42,
		"PresQty": 0,
		"NextDelivery": "",
		"RPType": "Automated dynamic order",
		"Aisle": "6004",
		"Bay": "0112",
		"Vendor": "",
		"VendorName": "",
		"Status": "Overdue (OD)",
		"DaysSinceLastSold": 0,
		"Department": "Distribution Centre",
		"DepartmentName": "Chilled Foods (135)",
		"LastPODate": "16/08/2023",
		"LastPONumber": "4604720595",
		"LastReceiptDate": "12/08/2023",
		"LastSaleDate": "",
		"MaterialGroup": "Specialty- Feta (135010406)",
		"MaterialGroupName": "Specialty- Feta",
		"MinSafetyStock": 24.000,
		"SafetyStock": 0.000,
		"Shelf": "0005",
		"Slot": "0006",
		"StockOnShelf": 0,
		"StoreBlock": "Not Blocked",
		"StoreBlockStartDate": "",
		"TaskSource": "ONLINE"
	  },    {
		"Material": "1007822",
		"ArticleDescription": "CARLSBERG 330ML 12PK BTL",
		"ReqQty": "Full Shelf",
		"SalesUnit": "EA",
		"BaseUnit": "EA",
		"SOH": 147,
		"PresQty": 0,
		"NextDelivery": "",
		"RPType": "Automated dynamic order",
		"Aisle": "4545",
		"Bay": "0111",
		"Vendor": "",
		"VendorName": "",
		"Status": "Overdue (OD)",
		"DaysSinceLastSold": 0,
		"Department": "Distribution Centre",
		"DepartmentName": "Liquor (145)",
		"LastPODate": "11/08/2023",
		"LastPONumber": "4604708106",
		"LastReceiptDate": "11/08/2023",
		"LastSaleDate": "",
		"MaterialGroup": "Beer- Premium (145010701)",
		"MaterialGroupName": "Beer- Premium",
		"MinSafetyStock": 3.000,
		"SafetyStock": 0.000,
		"Shelf": "0003",
		"Slot": "0004",
		"StockOnShelf": 0,
		"StoreBlock": "Not Blocked",
		"StoreBlockStartDate": "",
		"TaskSource": "ONLINE"
	  },
	  {
		"Material": "1004495",
		"ArticleDescription": "JACOBS CREEK CHARD PINOT NOIR BRUT 750ML",
		"ReqQty": "Full Shelf",
		"SalesUnit": "EA",
		"BaseUnit": "EA",
		"SOH": 66,
		"PresQty": 0,
		"NextDelivery": "",
		"RPType": "Automated dynamic order",
		"Aisle": "4545",
		"Bay": "0205",
		"Vendor": "",
		"VendorName": "",
		"Status": "Overdue (OD)",
		"DaysSinceLastSold": 0,
		"Department": "Distribution Centre",
		"DepartmentName": "Liquor (145)",
		"LastPODate": "15/08/2023",
		"LastPONumber": "4604717037",
		"LastReceiptDate": "15/08/2023",
		"LastSaleDate": "",
		"MaterialGroup": "Carbonated (145050703)",
		"MaterialGroupName": "Carbonated",
		"MinSafetyStock": 12.000,
		"SafetyStock": 0.000,
		"Shelf": "0003",
		"Slot": "0002",
		"StockOnShelf": 0,
		"StoreBlock": "Not Blocked",
		"StoreBlockStartDate": "",
		"TaskSource": "ONLINE"
	  },
	  {
		"Material": "1003827",
		"ArticleDescription": "COUNTRY SOFT RED 3L",
		"ReqQty": "Full Shelf",
		"SalesUnit": "EA",
		"BaseUnit": "EA",
		"SOH": 29,
		"PresQty": 0,
		"NextDelivery": "",
		"RPType": "Automated dynamic order",
		"Aisle": "4545",
		"Bay": "0105",
		"Vendor": "",
		"VendorName": "",
		"Status": "Overdue (OD)",
		"DaysSinceLastSold": 0,
		"Department": "Distribution Centre",
		"DepartmentName": "Liquor (145)",
		"LastPODate": "15/08/2023",
		"LastPONumber": "4604717037",
		"LastReceiptDate": "15/08/2023",
		"LastSaleDate": "",
		"MaterialGroup": "Red Cask (145050401)",
		"MaterialGroupName": "Red Cask",
		"MinSafetyStock": 6.000,
		"SafetyStock": 0.000,
		"Shelf": "0005",
		"Slot": "0004",
		"StockOnShelf": 0,
		"StoreBlock": "Not Blocked",
		"StoreBlockStartDate": "",
		"TaskSource": "ONLINE"
	  }
	],
	"ProductFilters": [
		{
		  "key": "Frozen",
		  "name": "Frozen"
		},
		{
		  "key": "Liquor",
		  "name": "Liquor"
		},
		{
		  "key": "Chilled Foods",
		  "name": "Chilled Foods"
		},
		{
		  "key": "Frozen Foods",
		  "name": "Frozen Foods"
		},
		{
		  "key": "Grocery",
		  "name": "Grocery"
		},
		{
		  "key": "General Merchandise",
		  "name": "General Merchandise"
		}
	  ]	
  }