{
	"sap.app": {
		"id": "project1.pie",
		"applicationVersion": {
			"version": "1.0.0"
		}
	},
	"sap.ui5": {
		"rootView": {
			"viewName": "project1.view.Pie",
			"type": "XML",
			"async": true
		},
		"resources": {
			"css": [
				{
					"uri": "./css/exploredStyle.css"
				}
			]
		},
		"dependencies": {
			"libs": {
				"sap.viz": {},
				"sap.ui.layout": {},
				"sap.m": {}
			}
		},
		"config": {
			"sample": {
				"stretch": true,
				"files": [
					"Pie.view.xml",
					"Pie.controller.js",
					"InitPage.js",
					"manifest.json"
				]
			}
		}
	}
}