[
	{
		"Week": "A1",
		"OOS": 431,
		"Not Filled": 230,
		"Cost1": 24800.63,
		"Cost2": 205199.37,
		"Cost3": 199999.37,
		"Target": 500000.00,
		"Budget": 210000.00
	},
	{
		"Week": "A2",
		"OOS": 494,
		"Not Filled": 238,
		"Cost1": 99200.39,
		"Cost2": 138799.61,
		"Cost3": 200199.37,
		"Target": 500000.00,
		"Budget": 224000.00
	},
	{
		"Week": "A3",
		"OOS": 491,
		"Not Filled": 221,
		"Cost1": 70200.54,
		"Cost2": 150799.46,
		"Cost3": 80799.46,
		"Target": 500000.00,
		"Budget": 238000.00
	},
	{
		"Week": "A4",
		"OOS": 536,
		"Not Filled": 280,
		"Cost1": 158800.73,
		"Cost2": 121199.27,
		"Cost3": 108800.46,
		"Target": 500000.00,
		"Budget": 252000.00
	}
]