{
    "_version": "1.15.0",
    "sap.app": {
        "id": "card.explorer.table.card",
        "type": "card",
        "title": "Sample of a Table Card",
        "subTitle": "Sample of a Table Card",
        "applicationVersion": {
            "version": "1.0.0"
        },
        "shortTitle": "A short title for this Card",
        "info": "Additional information about this Card",
        "description": "A long description for this Card",
        "tags": {
            "keywords": [
                "Table",
                "Card",
                "Sample"
            ]
        }
    },
    "sap.ui": {
        "technology": "UI5",
        "icons": {
            "icon": "sap-icon://table-view"
        }
    },
    "sap.card": {
        "type": "Table",
        "data": {
            "json": [
                {
                    "articles": "CON R/MIX SHEPHERDS PIE 50G",
                    "salesOrder": "1123175",
                    "supplier": "Heinz Watties",
                    "lastSoldDate": "08/11/2023",
                    "status": 0,
                    "statusState": "Error",
                    "deliveryProgress": 0
                },
                {
                    "articles": "CON R/MIX SPAG/BOLOGNESE 50G",
                    "salesOrder": "1120327",
                    "supplier": "Distribution Centre",
                    "lastSoldDate": "09/11/2023",
                    "status": 0,
                    "statusState": "Error",
                    "deliveryProgress": 0
                },
                {
                    "articles": "WATTIES BOTS CRANBERRY SAUCE 300G",
                    "salesOrder": "1149406",
                    "supplier": "Moi Agencies Limited",
                    "lastSoldDate": "23/11/2023",
                    "status": 6,
                    "statusState": "Warning",
                    "deliveryProgress": 6
                },
                {
                    "articles": "TABASCO SAUCE RED 60ML",
                    "salesOrder": "1091051",
                    "supplier": "Moi Agencies Limited",
                    "lastSoldDate": "15/11/2023",
                    "status": 39,
                    "statusState": "Warning",
                    "deliveryProgress": 15
                },
                {
                    "articles": "MCILHENNY TABASCO SAUCE GREEN 60ML",
                    "salesOrder": "1091052",
                    "supplier": "Distribution Centre",
                    "lastSoldDate": "05/11/2023",
                    "status": 10,
                    "statusState": "Warning",
                    "deliveryProgress": 20
                }
            ]
        },
        "header": {
            "title": "Top 5 Articles Gaps"
        },
        "content": {
            "maxItems": 9,
            "row": {
                "columns": [
                    {
                        "title": "Article Description",
                        "value": "{articles}",
                        "additionalText": "{salesOrder}",
                        "identifier": true
                    },
                    {
                        "title": "Supplier",
                        "value": "{supplier}"
                    },
                    {
                        "title": "Last Sold Date",
                        "value": "{lastSoldDate}",
                        "hAlign": "End"
                    },
                    {
                        "title": "Stock On Hand",
                        "value": "{status}",
                        "state": "{statusState}"
                    },
                    {
                        "title": "Progress",
                        "progressIndicator": {
                            "percent": "{deliveryProgress}",
                            "text": "{= format.percent(${deliveryProgress} / 100)}",
                            "state": "{statusState}"
                        }
                    }
                ]
            }
        }
    }
}