<mvc:View controllerName="sap.viz.sample.Pie.Pie" xmlns="sap.m"
    xmlns:viz="sap.viz.ui5.controls" xmlns:layout="sap.ui.layout"
    xmlns:mvc="sap.ui.core.mvc" xmlns:viz.feeds="sap.viz.ui5.controls.common.feeds"
    xmlns:viz.data="sap.viz.ui5.data" height="100%">
    <layout:FixFlex id='chartFixFlex' minFlexSize="250">
        <!--Below is the setting panel -->
        <layout:fixContent>
            <Panel id='settingsPanel' class="panelStyle" expandable="true" expanded="true" headerText="Settings" width="auto">
                <content>
                    <HBox class='settingsHBox'>
                    <VBox class='settingsBox'>
                        <Label text="{/dataset/name}" design="Bold" class='settingsLabel'></Label>
                        <RadioButtonGroup id='datasetRadioGroup'
                                buttons="{path: '/dataset/values'}">
                            <buttons>
                                <RadioButton class='settingsRadio' text="{name}" select="onDatasetSelected"/>
                            </buttons>
                        </RadioButtonGroup>
                    </VBox>
                    <VBox class='settingsBox'>
                        <Label text='{/series/name}' design="Bold" class='settingsLabel'></Label>
                        <RadioButtonGroup id='seriesRadioGroup'
                            buttons="{path: '/series/values'}" >
                            <buttons>
                                <RadioButton class='settingsRadio' text="{name}"/>
                            </buttons>
                        </RadioButtonGroup>
                    </VBox>
                    <VBox class='settingsBox'>
                        <Label text = '{/dataLabel/name}' design="Bold" class='settingsLabel'></Label>
                        <Switch id='dataLabelSwitch' class='settingsSwitch' state="{/dataLabel/defaultState}" change='onDataLabelChanged'>
                            <layoutData>
                                <FlexItemData growFactor="1" />
                            </layoutData>
                        </Switch>
                    </VBox>
                    <VBox class='settingsBox'>
                        <Label text = '{/axisTitle/name}' design="Bold" class='settingsLabel'></Label>
                        <Switch id='axisTitleSwitch' class='settingsSwitch' state="{/axisTitle/defaultState}">
                            <layoutData>
                                <FlexItemData growFactor="1" />
                            </layoutData>
                        </Switch>
                    </VBox>
                    </HBox>
                </content>
            </Panel>
        </layout:fixContent>
        <layout:flexContent>
            <viz:VizFrame id="idVizFrame" uiConfig="{applicationSet:'fiori'}"
                height='100%' width="100%" vizType='pie'>
                <viz:dataset>
                    <viz.data:FlattenedDataset data="{/milk}">
                        <viz.data:dimensions>
                            <viz.data:DimensionDefinition name="Store Name"
                                value="{Store Name}" />
                        </viz.data:dimensions>
                        <viz.data:measures>
                            <viz.data:MeasureDefinition name="Revenue"
                                value="{Revenue}" />
                        </viz.data:measures>
                    </viz.data:FlattenedDataset>
                </viz:dataset>

                <viz:feeds>
                    <viz.feeds:FeedItem uid="size" type="Measure"
                        values="Revenue" />
                    <viz.feeds:FeedItem uid="color" type="Dimension"
                        values="Store Name" />
                </viz:feeds>
                <viz:dependents>
                    <viz:Popover id="idPopOver"></viz:Popover>
                </viz:dependents>
            </viz:VizFrame>
        </layout:flexContent>
    </layout:FixFlex>
</mvc:View>